Workbook

Sheet 기초가정
A1: APEX 펀드(Apex Fund. Ltd.) - 미래생명 손익분석 기초가정 (원본자료 재입력분 반영)
A2: (단위: USD, KRW / 2026년 6월말 기준, 원본자료 수치를 그대로 사용)
A4: 구분 | B4: 값 | C4: 비고 / 출처
A5: 평가기준일 | B5: 2026-06-30 | C5: 원본자료: APEX 펀드 정보_2026년 6월말.xlsx
A6: 취득시점 환율 (원/USD) | B6: 1519.8 | C6: 원본자료 "취득시점 환율"
A7: 평가기준일 환율 (원/USD) | B7: 1549.4 | C7: 원본자료 "평가기준일 USD 환율" (서울외국환중개 매매기준율 종가, 2026-06-30)
A8: 예금 (KRW) | B8: 5841950757 | C8: 원본자료 "예금"
A9: 외화예치금 (KRW) | B9: 1.0774106e+10 | C9: 원본자료 "외화예치금" (USD 기준 6,953,728)
A10: 해외수익증권_Apex Fund. Ltd. (KRW) | B10: 663435633756 | C10: 원본자료 "해외수익증권_Apex Fund. Ltd." (USD 기준 428,188,740)
A11: 기타자산 (KRW) | B11: 68571167 | C11: 원본자료 "기타자산"
A12: 미지급보수 등 / 총부채 (KRW) | B12: 119333327 | C12: 원본자료 "미지급보수 등"·"총부채"
A13: 잔존좌수 (펀드 전체 발행좌수) | B13: 537062646996 | C13: 원본자료 "잔존좌수"
A14: SpaceX 공모가격 (USD/주) | B14: 135 | C14: 원본자료 "Space X 공모가격"
A15: SpaceX 결산시점(6/30) 가격 (USD/주) | B15: 170.86 | C15: 원본자료 "Space X 결산시점 가격(2026-06-30)"
A16: Apex Fund. Ltd.의 SpaceX 보유주식수 (주) | B16: 2486250 | C16: 원본자료 "Apex Fund. Ltd. 의 SpaceX 보유지분"
A17: 미래생명의 SpaceX 보유주식수 (주) | B17: 575111.21 | C17: 원본자료 "미래생명의 SpaceX 보유지분"
... A22: 미래생명 평가손익 (KRW, 원본자료) | B22: 33063984730 | C22: 원본자료 "평가손익" (공식 NAV/기준가 기준, 미래생명 최종 확정 손익)
A24: ▶ 검증 및 계산값
A25: 총자산 (KRW, 검증) | B25: =B8+B9+B10+B11 | C25: 원본자료 "총자산" 680,120,261,843.2와 일치 확인용
A26: NAV (KRW, 검증) | B26: =B25-B12 | C26: 원본자료 "NAV" 680,000,928,516.2와 일치 확인용
A27: 천좌당 기준가 (KRW, 검증) | B27: =B26/B13*1000 | C27: 원본자료 "천좌당 가치" 1266.148과 일치 확인용
A28: 미래생명 보유지분율 (검증) | B28: =B19/B13 | C28: 원본자료 "보유지분"·"지분율" 23.1317%와 일치 확인용
A29: 미래생명 SpaceX 보유주식수 (검증) | B29: =B16*B18 | C29: APEX펀드 SpaceX 보유주식수 × 미래생명 지분율. 원본자료 575,111.21주와 일치 확인용
A30: Apex펀드 SpaceX 포지션 내재가치 (USD, 검증) | B30: =B16*B15 | C30: 보유주식수 × 6/30가격. 해외수익증권 USD 428,188,740과의 차이는 가격 산정 시점·소스 차이 등에 기인 (하단 유의사항 참고)
A32: ※ 주요 가정 및 유의사항
A33: 1) "미래생명 평가손익"(33,063,984,730원)은 원본자료 Section2(미래생명 기준 APEX펀드 보유현황)의 공식 수치로, 펀드 전체 NAV/기준가(1266.148) 방식으로 산출된
A34: 확정 손익입니다. 취득금액은 보유좌수×1원(좌당 액면), 평가금액은 보유좌수×기준가/1000 으로 계산되며 예금·외화예치금·기타자산·부채(운용보수 등)
A35: 효과가 모두 반영된 펀드 전체 관점의 수치입니다.
A36: 2) Apex Fund. Ltd.의 SpaceX 보유주식수(2,486,250주) × 6/30가격($170.86) = $424,800,675로, 원본자료 해외수익증권 평가금액(USD 428,188,740)과 약
A37: $3.39백만(0.8%) 차이가 있습니다. 두 수치 모두 원본자료에 직접 명시된 값으로, 밸류에이션 소스/시점 차이(예: 종가 vs 정산가) 등에 기인한 것으로 추정됩니다.
A38: 3) 이에 따라 "SpaceX Look-through 손익분석" 시트는 주식수×가격 방식(2,486,250주/575,111.21주 기준)의 SpaceX 고유 손익을 별도로 산출하며,
A39: "공식 미래생명 손익"(NAV 기준)과는 정확히 일치하지 않을 수 있습니다. "요약" 시트에서 두 수치의 차이를 기타요인효과로 명시적으로 조정(재구성)합니다.
A40: 4) 시나리오 분석의 KRW 환산은 별도 표기가 없는 한 평가기준일 환율(1,549.4원/USD) 고정, 취득원가의 원화 환산은 취득시점 환율(1,519.8원/USD) 사용.

Sheet 미래생명_공식손익(NAV기준)
A1: 미래생명 공식 손익분석 (APEX 펀드 NAV·기준가 기준)
A2: 원본자료 Section2 방식 그대로 수식화. 펀드 전체 NAV(예금·외화예치금·해외수익증권·기타자산-부채)를 반영한 공식 확정 손익입니다.
A4: 구분 | B4: 값 (KRW) | C4: 비고
A5: 미래생명 보유좌수 | B5: =기초가정!$B$19 | C5: 원본자료 "보유좌수" 124,231,573,148 (기초가정 시트 링크)
A6: 좌당 액면가 (원) | B6: 1 | C6: 펀드 최초 설정시 좌당 액면가 1원 가정 (취득금액=보유좌수와 일치하는 것에서 역산)
A7: 취득금액 | B7: =B5*B6 | C7: 보유좌수 × 좌당 액면. 원본자료 "취득금액" 124,231,573,148원과 일치
A8: 6/30 기준가 (천좌당, 원) | B8: =기초가정!$B$27 | C8: 기초가정 시트 "천좌당 기준가(검증)" 링크. 원본자료 "6월 30일 기준가" 1266.148과 일치
A9: 평가금액 | B9: =B5*B8/1000 | C9: 보유좌수 × 기준가 ÷ 1000. 원본자료 "평가금액" 157,295,557,878원과 일치
A10: 평가손익 | B10: =B9-B7 | C10: 평가금액 - 취득금액. 원본자료 "평가손익" 33,063,984,730원과 일치 (미래생명 공식 확정 손익)
A11: 수익률 | B11: =B10/B7 | C11: 평가손익 ÷ 취득금액

Sheet SpaceX_Lookthrough_손익분석
A1: 미래생명 SpaceX Look-through 손익분석 (원본자료 실제 보유주식수 575,111.21주 기준)
A2: 미래생명 SpaceX 보유주식수(원본자료 확정치) × SpaceX 주가로 산출. KRW 환산은 평가기준일 환율(1,549.4원) 고정. 취득원가는 취득환율(1,519.8원) 적용.
A4: ① 실제 주가 추이 기준 분석
A5: 구분 | B5: SpaceX 주가 (USD) | C5: 공모가 대비 등락률 | D5: 평가금액 (USD) | E5: 평가금액 (KRW) | F5: 평가손익 (USD) | G5: 평가손익 (KRW) | H5: 수익률 (USD) | I5: 수익률 (KRW) | J5: 주가상승효과 (KRW) | K5: 외화환산손익 (KRW)
A6: 공모가 (IPO, 2026-06-12) | B6: 135 | C6: =B6/기초가정!$B$14-1 | D6: =B6*기초가정!$B$17 | E6: =D6*기초가정!$B$7 | F6: =D6-(기초가정!$B$17*기초가정!$B$14) | G6: =E6-((기초가정!$B$17*기초가정!$B$14)*기초가정!$B$6) | H6: =F6/(기초가정!$B$17*기초가정!$B$14) | I6: =G6/((기초가정!$B$17*기초가정!$B$14)*기초가정!$B$6) | J6: =(D6-(기초가정!$B$17*기초가정!$B$14))*기초가정!$B$6 | K6: =D6*(기초가정!$B$7-기초가정!$B$6)
A7: 상장일 종가 (2026-06-12) | B7: 160.95 | C7: =B7/기초가정!$B$14-1 | D7: =B7*기초가정!$B$17 | E7: =D7*기초가정!$B$7 | F7: =D7-(기초가정!$B$17*기초가정!$B$14) | G7: =E7-((기초가정!$B$17*기초가정!$B$14)*기초가정!$B$6) | H7: =F7/(기초가정!$B$17*기초가정!$B$14) | I7: =G7/((기초가정!$B$17*기초가정!$B$14)*기초가정!$B$6) | J7: =(D7-(기초가정!$B$17*기초가정!$B$14))*기초가정!$B$6 | K7: =D7*(기초가정!$B$7-기초가정!$B$6)
A8: 장중 최고가 (2026-06-16) | B8: 225.64 | C8: =B8/기초가정!$B$14-1 | D8: =B8*기초가정!$B$17 | E8: =D8*기초가정!$B$7 | F8: =D8-(기초가정!$B$17*기초가정!$B$14) | G8: =E8-((기초가정!$B$17*기초가정!$B$14)*기초가정!$B$6) | H8: =F8/(기초가정!$B$17*기초가정!$B$14) | I8: =G8/((기초가정!$B$17*기초가정!$B$14)*기초가정!$B$6) | J8: =(D8-(기초가정!$B$17*기초가정!$B$14))*기초가정!$B$6 | K8: =D8*(기초가정!$B$7-기초가정!$B$6)
A9: 결산시점 가격 (2026-06-30, 펀드 기준일) | B9: =기초가정!$B$15 | C9: =B9/기초가정!$B$14-1 | D9: =B9*기초가정!$B$17 | E9: =D9*기초가정!$B$7 | F9: =D9-(기초가정!$B$17*기초가정!$B$14) | G9: =E9-((기초가정!$B$17*기초가정!$B$14)*기초가정!$B$6) | H9: =F9/(기초가정!$B$17*기초가정!$B$14) | I9: =G9/((기초가정!$B$17*기초가정!$B$14)*기초가정!$B$6) | J9: =(D9-(기초가정!$B$17*기초가정!$B$14))*기초가정!$B$6 | K9: =D9*(기초가정!$B$7-기초가정!$B$6)
A10: 최근 종가 (2026-07-17, 참고) | B10: 123.99 | C10: =B10/기초가정!$B$14-1 | D10: =B10*기초가정!$B$17 | E10: =D10*기초가정!$B$7 | F10: =D10-(기초가정!$B$17*기초가정!$B$14) | G10: =E10-((기초가정!$B$17*기초가정!$B$14)*기초가정!$B$6) | H10: =F10/(기초가정!$B$17*기초가정!$B$14) | I10: =G10/((기초가정!$B$17*기초가정!$B$14)*기초가정!$B$6) | J10: =(D10-(기초가정!$B$17*기초가정!$B$14))*기초가정!$B$6 | K10: =D10*(기초가정!$B$7-기초가정!$B$6)
A12: 주가·환율 출처: SpaceX 상장/시세 - CNBC, NPR, stockanalysis.com, MarketBeat (2026.6~7월 보도 및 시세자료)
A14: ② 가상 시나리오 분석 (공모가 대비 등락률, 환율 1,549.4원 고정)
A15: 구분 | B15: SpaceX 주가 (USD) | C15: 공모가 대비 등락률 | D15: 평가금액 (USD) | E15: 평가금액 (KRW) | F15: 평가손익 (USD) | G15: 평가손익 (KRW) | H15: 수익률 (USD) | I15: 수익률 (KRW) | J15: 주가상승효과 (KRW) | K15: 외화환산손익 (KRW)
A16: 공모가 대비 -50% | B16: =기초가정!$B$14*(1+C16) | C16: -0.5 | D16: =B16*기초가정!$B$17 | E16: =D16*기초가정!$B$7 | F16: =D16-(기초가정!$B$17*기초가정!$B$14) | G16: =E16-((기초가정!$B$17*기초가정!$B$14)*기초가정!$B$6) | H16: =F16/(기초가정!$B$17*기초가정!$B$14) | I16: =G16/((기초가정!$B$17*기초가정!$B$14)*기초가정!$B$6) | J16: =(D16-(기초가정!$B$17*기초가정!$B$14))*기초가정!$B$6 | K16: =D16*(기초가정!$B$7-기초가정!$B$6)
A17: 공모가 대비 -40% | B17: =기초가정!$B$14*(1+C17) | C17: -0.4 | D17: =B17*기초가정!$B$17 | E17: =D17*기초가정!$B$7 | F17: =D17-(기초가정!$B$17*기초가정!$B$14) | G17: =E17-((기초가정!$B$17*기초가정!$B$14)*기초가정!$B$6) | H17: =F17/(기초가정!$B$17*기초가정!$B$14) | I17: =G17/((기초가정!$B$17*기초가정!$B$14)*기초가정!$B$6) | J17: =(D17-(기초가정!$B$17*기초가정!$B$14))*기초가정!$B$6 | K17: =D17*(기초가정!$B$7-기초가정!$B$6)
A18: 공모가 대비 -30% | B18: =기초가정!$B$14*(1+C18) | C18: -0.3 | D18: =B18*기초가정!$B$17 | E18: =D18*기초가정!$B$7 | F18: =D18-(기초가정!$B$17*기초가정!$B$14) | G18: =E18-((기초가정!$B$17*기초가정!$B$14)*기초가정!$B$6) | H18: =F18/(기초가정!$B$17*기초가정!$B$14) | I18: =G18/((기초가정!$B$17*기초가정!$B$14)*기초가정!$B$6) | J18: =(D18-(기초가정!$B$17*기초가정!$B$14))*기초가정!$B$6 | K18: =D18*(기초가정!$B$7-기초가정!$B$6)
A19: 공모가 대비 -20% | B19: =기초가정!$B$14*(1+C19) | C19: -0.2 | D19: =B19*기초가정!$B$17 | E19: =D19*기초가정!$B$7 | F19: =D19-(기초가정!$B$17*기초가정!$B$14) | G19: =E19-((기초가정!$B$17*기초가정!$B$14)*기초가정!$B$6) | H19: =F19/(기초가정!$B$17*기초가정!$B$14) | I19: =G19/((기초가정!$B$17*기초가정!$B$14)*기초가정!$B$6) | J19: =(D19-(기초가정!$B$17*기초가정!$B$14))*기초가정!$B$6 | K19: =D19*(기초가정!$B$7-기초가정!$B$6)
A20: 공모가 대비 -10% | B20: =기초가정!$B$14*(1+C20) | C20: -0.1 | D20: =B20*기초가정!$B$17 | E20: =D20*기초가정!$B$7 | F20: =D20-(기초가정!$B$17*기초가정!$B$14) | G20: =E20-((기초가정!$B$17*기초가정!$B$14)*기초가정!$B$6) | H20: =F20/(기초가정!$B$17*기초가정!$B$14) | I20: =G20/((기초가정!$B$17*기초가정!$B$14)*기초가정!$B$6) | J20: =(D20-(기초가정!$B$17*기초가정!$B$14))*기초가정!$B$6 | K20: =D20*(기초가정!$B$7-기초가정!$B$6)
A21: 공모가 (기준) | B21: =기초가정!$B$14*(1+C21) | C21: 0 | D21: =B21*기초가정!$B$17 | E21: =D21*기초가정!$B$7 | F21: =D21-(기초가정!$B$17*기초가정!$B$14) | G21: =E21-((기초가정!$B$17*기초가정!$B$14)*기초가정!$B$6) | H21: =F21/(기초가정!$B$17*기초가정!$B$14) | I21: =G21/((기초가정!$B$17*기초가정!$B$14)*기초가정!$B$6) | J21: =(D21-(기초가정!$B$17*기초가정!$B$14))*기초가정!$B$6 | K21: =D21*(기초가정!$B$7-기초가정!$B$6)
A22: 공모가 대비 +10% | B22: =기초가정!$B$14*(1+C22) | C22: 0.1 | D22: =B22*기초가정!$B$17 | E22: =D22*기초가정!$B$7 | F22: =D22-(기초가정!$B$17*기초가정!$B$14) | G22: =E22-((기초가정!$B$17*기초가정!$B$14)*기초가정!$B$6) | H22: =F22/(기초가정!$B$17*기초가정!$B$14) | I22: =G22/((기초가정!$B$17*기초가정!$B$14)*기초가정!$B$6) | J22: =(D22-(기초가정!$B$17*기초가정!$B$14))*기초가정!$B$6 | K22: =D22*(기초가정!$B$7-기초가정!$B$6)
A23: 공모가 대비 +20% | B23: =기초가정!$B$14*(1+C23) | C23: 0.2 | D23: =B23*기초가정!$B$17 | E23: =D23*기초가정!$B$7 | F23: =D23-(기초가정!$B$17*기초가정!$B$14) | G23: =E23-((기초가정!$B$17*기초가정!$B$14)*기초가정!$B$6) | H23: =F23/(기초가정!$B$17*기초가정!$B$14) | I23: =G23/((기초가정!$B$17*기초가정!$B$14)*기초가정!$B$6) | J23: =(D23-(기초가정!$B$17*기초가정!$B$14))*기초가정!$B$6 | K23: =D23*(기초가정!$B$7-기초가정!$B$6)
A24: 공모가 대비 +30% | B24: =기초가정!$B$14*(1+C24) | C24: 0.3 | D24: =B24*기초가정!$B$17 | E24: =D24*기초가정!$B$7 | F24: =D24-(기초가정!$B$17*기초가정!$B$14) | G24: =E24-((기초가정!$B$17*기초가정!$B$14)*기초가정!$B$6) | H24: =F24/(기초가정!$B$17*기초가정!$B$14) | I24: =G24/((기초가정!$B$17*기초가정!$B$14)*기초가정!$B$6) | J24: =(D24-(기초가정!$B$17*기초가정!$B$14))*기초가정!$B$6 | K24: =D24*(기초가정!$B$7-기초가정!$B$6)
A25: 공모가 대비 +40% | B25: =기초가정!$B$14*(1+C25) | C25: 0.4 | D25: =B25*기초가정!$B$17 | E25: =D25*기초가정!$B$7 | F25: =D25-(기초가정!$B$17*기초가정!$B$14) | G25: =E25-((기초가정!$B$17*기초가정!$B$14)*기초가정!$B$6) | H25: =F25/(기초가정!$B$17*기초가정!$B$14) | I25: =G25/((기초가정!$B$17*기초가정!$B$14)*기초가정!$B$6) | J25: =(D25-(기초가정!$B$17*기초가정!$B$14))*기초가정!$B$6 | K25: =D25*(기초가정!$B$7-기초가정!$B$6)
A26: 공모가 대비 +50% | B26: =기초가정!$B$14*(1+C26) | C26: 0.5 | D26: =B26*기초가정!$B$17 | E26: =D26*기초가정!$B$7 | F26: =D26-(기초가정!$B$17*기초가정!$B$14) | G26: =E26-((기초가정!$B$17*기초가정!$B$14)*기초가정!$B$6) | H26: =F26/(기초가정!$B$17*기초가정!$B$14) | I26: =G26/((기초가정!$B$17*기초가정!$B$14)*기초가정!$B$6) | J26: =(D26-(기초가정!$B$17*기초가정!$B$14))*기초가정!$B$6 | K26: =D26*(기초가정!$B$7-기초가정!$B$6)
A27: 공모가 대비 +75% | B27: =기초가정!$B$14*(1+C27) | C27: 0.75 | D27: =B27*기초가정!$B$17 | E27: =D27*기초가정!$B$7 | F27: =D27-(기초가정!$B$17*기초가정!$B$14) | G27: =E27-((기초가정!$B$17*기초가정!$B$14)*기초가정!$B$6) | H27: =F27/(기초가정!$B$17*기초가정!$B$14) | I27: =G27/((기초가정!$B$17*기초가정!$B$14)*기초가정!$B$6) | J27: =(D27-(기초가정!$B$17*기초가정!$B$14))*기초가정!$B$6 | K27: =D27*(기초가정!$B$7-기초가정!$B$6)
A28: 공모가 대비 +100% | B28: =기초가정!$B$14*(1+C28) | C28: 1 | D28: =B28*기초가정!$B$17 | E28: =D28*기초가정!$B$7 | F28: =D28-(기초가정!$B$17*기초가정!$B$14) | G28: =E28-((기초가정!$B$17*기초가정!$B$14)*기초가정!$B$6) | H28: =F28/(기초가정!$B$17*기초가정!$B$14) | I28: =G28/((기초가정!$B$17*기초가정!$B$14)*기초가정!$B$6) | J28: =(D28-(기초가정!$B$17*기초가정!$B$14))*기초가정!$B$6 | K28: =D28*(기초가정!$B$7-기초가정!$B$6)
A30: ※ 평가손익(KRW) = 주가상승효과(KRW) + 외화환산손익(KRW). 주가상승효과=(평가금액USD-투자원가USD)×취득환율(고정), 외화환산손익=평가금액USD×(평가환율-취득환율).

Sheet 요약
A1: 미래생명 - APEX 펀드(SpaceX) 손익 요약 (2026.6.30 기준)
A2: '기초가정' / '미래생명_공식손익(NAV기준)' / 'SpaceX_Lookthrough_손익분석' 시트를 연동한 요약입니다.
A4: ① 공식 손익 개요 (NAV·기준가 기준, 미래생명 확정 손익)
A5: 구분 | B5: 값 (KRW)
A6: 취득금액 | B6: ='미래생명_공식손익(NAV기준)'!B7
A7: 평가금액 | B7: ='미래생명_공식손익(NAV기준)'!B9
A8: 평가손익 | B8: ='미래생명_공식손익(NAV기준)'!B10
A9: 수익률 | B9: ='미래생명_공식손익(NAV기준)'!B11
A11: ② 공식 평가손익의 3단 요인 분해
A12: 구분 | B12: 금액 (KRW) | D12: 비중
A13: 공식 평가손익 (전체) | B13: ='미래생명_공식손익(NAV기준)'!B10
A14: ├ 주가상승효과 (SpaceX 가격변동) | B14: =SpaceX_Lookthrough_손익분석!J9 | D14: =B14/B13
A15: ├ 외화환산손익 (원/달러 환율변동) | B15: =SpaceX_Lookthrough_손익분석!K9 | D15: =B15/B13
A16: └ 기타요인효과 (운용보수·현금성자산 등, 잔차) | B16: =B13-B14-B15 | D16: =B16/B13
A18: 주가상승효과·외화환산손익은 'SpaceX_Lookthrough_손익분석' 시트의 실제 보유주식수(575,111.21주, 원본자료 확정치) 기준 SpaceX 고유 손익을 주가효과=(평가금액USD-투자원가USD)×취득환율(고정), 환산효과=평가금액USD×(평가환율-취득환율)로 분해한 값입니다. 기타요인효과는 '공식 평가손익(NAV 기준, 예금·외화예치금·기타자산·운용보수 등 펀드 전체 효과 반영)'과 'SpaceX Look-through 손익(SpaceX 포지션만)'의 차이이며, 두 수치 산정 시 사용된 SpaceX 평가금액 간 약 0.8% 차이(주식수×가격 vs 원본자료 공시 평가금액)와 펀드 내 현금성자산·운용보수 효과가 함께 포함되어 있습니다.
A24: ③ 요인별 기여도 차트
A44: ④ 시나리오별 수익률 추이 (SpaceX 주가 등락률 vs 미래생명 수익률)
